[
  {
    "id": "51d65862-72b5-49d7-b123-b236e044936d",
    "name": "Cheese",
    "price": "20",
    "quantity": 50
  },
  {
    "id": "accb6c42-4399-47ec-9f8e-e45466235d1c",
    "name": "Milk",
    "price": "120",
    "quantity": 20
  },
  {
    "id": "ff7ea9ef-aea5-4128-8283-3a8372bf989a",
    "name": "Eggs",
    "price": "0.20",
    "quantity": 550
  },
  {
    "id": "b6456ad3-5df6-4620-a418-01418c4be341",
    "name": "Butter",
    "price": "7.20",
    "quantity": 510
  },
  {
    "id": "9b9a658e-4e5c-4dfe-9718-7bba73b2ca0c",
    "name": "Bread",
    "price": "1.20",
    "quantity": 250
  }
]
 